s1_id,target_id,country,category,s1_name,target_name,s1_addr,target_addr
S1-203610061,S2-563432611,US,transliteration,Randolph Iris,randolphiris.com,"310 Iddings Street, Kendallville, IN","IDDINGS STREET, KENDALLVILLE, IN"
S1-302385226,S2-420261631,India,severe_name_variation,Blue Tech LLP,ब्लू टेक एलएलपी,"Main Rd Koregaonpark, Maharashtra, Pune City, Pune, Shop No3 Mit Corner North","SHOP NO9-3 MIT CORNER NORTH, MAIN RD KOREGAONPARK, PUNE CITY, PUNE, महाराष्ट्र"
S1-240438507,S2-58879107,India,address_only_linkage,Jay Logistics Private Limited,জয় লজিস্টিকস প্রাইভেট লিমিটেড,"H/No-1, Bl-16 Jagaddal, Kolkata, Parganas North, West Bengal","H/NO-7, BL-16 JAGADDAL, PARGANAS NORTH, KOLKATA, West Bengal"
S1-289036831,S3-544869510,US,address_only_linkage,Platinum Associated PC,platinumass0ciated.com,"3224 Marshall Road, Unit 3, Kettering, OH","03224 Marshall Rd, # 3, Kettering, Ohio"
S1-252310937,S3-449512486,US,numeric_address_formatting,Studio 29 Hair Studio,Studio 29-Hair,"Chicago, 1948 Nashville Avenue, IL","1947 Nashville Ave, Illinois, Elmwood Park"
S1-288696417,S2-623698086,US,address_only_linkage,Oncology Associates LLC,oncologyassociates.com,"NY, 11 Jericho Lane, East Hampton","11 JERICHO LN, EAST HAMPTON, NY"
S1-229841787,S3-15586566,India,transliteration,Skylark Buildtech Private Limited,Sri buildtechskylark.com,"1A, Raja Subodh Mullick Sqaure, Kolkata, Kolkata, Howrah, West Bengal","1A, Raja Subodh Mullick Sqaure, Kolkata, Digha Via Dattapukur Dist 24 North Pargana, Kolkata, WB"
S1-323075580,S3-475243375,India,address_only_linkage,Hotel Products Private Limited,privateproductscom,"Flat No -7 &8, 215, 3Rd Floor, Riddhi Premises Chs Sir M. V. Road, Near Court Lane, Andheri, - East, Mumbai, Mumbai City, Maharashtra","Mumbai City, Mumbai, Flat No -#7 &8, MH"
S1-249282008,S2-674438160,India,address_only_linkage,Auro Hospital,@aurohospital,"H No 26 K B Road Bauruni, Khandak Model House, Lucknow, Uttar Pradesh","H.NO 26 K B ROAD BAURUNI, KHANDAK MODEL HOUSE, LUCKNOW, Uttar Pradesh"
S1-240505255,S3-758767998,India,address_only_linkage,Guru Products Private Limited,গুরু প্রোডাক্টস প্রাইভেট লিমিটেড,"Mk Point, 27 Bentinck Street 5Th Floor, Suit No 503, Kolkata, Kolkata, Howrah, West Bengal","Mk Point, 27 Bentinck Street 5Th Floor, Suit No 503, Kolkata, Kolkata, Howrah, WB"
S1-126984145,S2-477493365,India,address_only_linkage,Vision Ventures Private Limited,visionventures.com,"1/1, Miller Arcade, 2Nd Floor, Millers Road, Vasanthnagar, Bangalore South, Bangalore, Karnataka","1/1, MILLER ARCADE, 2ND FLOOR, MILLERS ROAD, VASANTHNAGAR, BANGALORE SOUTH, Karnataka"
S1-285028501,S3-98828525,US,numeric_address_formatting,Coretta Galbreath Horizon Tpg,Coretta Gálbreath Horizon-Tpg,"1008 Downton Road, Halethorpe, MD","1008a Downton Road, Halethorpe, Maryland"
S1-157351194,S2-846492050,India,numeric_address_formatting,HZG Singh,HZG-Services,"S No:12A, Midc, Nr Mother Dairy, Saravli, Bhiwandi, Thane, Maharashtra","Maharashtra, NO 852 S NO:12A, MIDC, NR MOTHER DAIRY, SARAVLI, BHIWANDI"
S1-244167583,S3-861745638,US,address_only_linkage,Gill Space Inc,Gillspace.Com,"2173 Sheringham Road, Columbus, OH","2173 Sheringham Road, Columbus, Ohio"
S1-304197401,S2-686691591,US,address_only_linkage,A Royal Impact LLC,IMPACTROYAL.COM,"6359 Country Road, Eden Prairie, MN","6359-B COUNTRY ROAD, EDEN PRAIRIE, MN"
S1-165724718,S2-17947733,India,other,Big Care Private Limited,BIGCARE.COM,"Rajesh Kumar, S/O-Late Yogendra Pd Chaura Opp- N T P C Colony, New Karbigahiya, Patna, Bihar","Bihar, RAJESH KUMAR, S/O-LATE YOGENDRA PD CHAURA OPP- N T P C COLONY, NEW KARBIGAHIYA, PATNA"
S1-246030810,S2-484566430,India,address_only_linkage,Shyam Constructions Private Limited,ശ്യാം കൺസ്ട്രക്ഷൻസ് പ്രൈവറ്റ് ലിമിറ്റഡ്,"No 1968, Pattariyil Kattaikonam P O, Thiruvananthapuram, Thiruvananthapuram, Trivandrum, Kerala","NO 1968, TRIVANDRUM, Kerala"
S1-171057488,S2-779860177,US,missing_address,Rapid Coastal Beverage Inc.,Rapid Cobal Beverage Inc Inc,"1505 Duxberry Avenue, Columbus, OH",
S1-230387411,S3-841720270,India,address_only_linkage,Indo Unique Consultancy Private Limited,इंडो यूनिक कंसल्टेंसी प्राइवेट लिमिटेड,"In Front Of K-112 & Oxford Academy School Jogipur, Patna, Hanuman Nagar Po-Lohiya Nagar, Kankarbagh, Bihar","In Front Of K-112 & Oxford Academy School Jogipur, Hanuman Nagar Po-lohiya Nagar, Kankarbagh, Patna, BR"
S1-109011304,S3-12524090,US,numeric_address_formatting,Rucker Staffing,The Rucker Staffing,"IA, 1205 1st Avenue, Denison","1205c First Ave, Iowa, Denison"
S1-164781469,S2-447097028,India,other,Construction Merlin Automotive Private Limited,Private Construction Meliln Automotive (Limited),"No.6A, Thomas Nagar Ullagaram, Chennai, Tamil Nadu","Tamil Nadu, CHENNAI, #6A"
S1-167587686,S2-606124702,India,missing_address,Moon Tech Private Limited,MOON PRIVATE LIMITED PARTNERS,"A21 Alinagar Surya Mandir, Behind State Bank Of Ind, Phulwari, Patna, Bihar",
S1-294065500,S2-198276028,India,address_only_linkage,South Power LLP,ಸೌತ್ ಪವರ್ ಎಲ್ಎಲ್‌ಪಿ,"No.59, 19Th Main Ii Block, Bangalore North, Bangalore, Karnataka","#59, 19TH MAIN II BLOCK, BANGALORE NORTH, BANGALORE, Karnataka"
S1-318785638,S3-290405469,US,address_only_linkage,Moser & Lannon Etf LLC,moserlannon.com,"8800 Raintree Drive, Unit STE 140, Scottsdale, AZ","8800 Raintree Dr, # STE 140, Scottsdale, Arizona"
S1-160356967,S2-262650024,India,address_only_linkage,Ace Projects Private Limited,एस प्रोजेक्ट्स प्राइवेट लिमिटेड,"13, Shriram Complex Hingane Home Colony, Karvenagar, Pune, Maharashtra","13, PUNE, Maharashtra"
S1-175437301,S3-932388827,US,numeric_address_formatting,Wildlife Fund,Wildlife Fdnd,"4725 Lynn Road, Memphis, TN","Memphis, Tennessee, 4725a Lynn Rd"
S1-108624898,S2-547987896,India,other,Sansu Consultants,Mr Sansu Consultants Ltd,"Jasoria Enclavefatehabad Road Agra, Uttar Pradesh, Agra, Uttar Pradesh","JASORIA ENCLAVEFATEHABAD ROAD AGRA, UTTAR PRADESH, उत्तर प्रदेश"
S1-151005028,S3-732544482,US,numeric_address_formatting,"Certified Direct, Inc","Certified Diec, [Inc]","2109 Amber Gate Drive, Anna, TX","Amber Gate Drive, Anna, Texas"
S1-106029585,S3-893865389,India,address_only_linkage,Shiv Producer Private Limited,shivproducer.com,"Plot 9, Shubham Residency, Motibaug Road, Junagadh, Gujarat","Plot 9, Shubham Residency, Motibaug Road, Junagadh, GJ"
S1-250634839,S2-721900387,US,numeric_address_formatting,Juanita Shariff Fresh Mfa LLC,JUANITA SANIF FRESH MFA LLC,"208 Elm Street, Unit Apartment 1, Penn Yan, NY","08 ELM STREET, PENN YAN, NY"
S1-103093522,S2-487353989,India,missing_address,Aarvva Capital Limited,AARVVA-CAITOCL LIMITED,"#1719, 6Th Main, 6Th Cross Judicial Layout Gkvk Post, Bangalore, Karnataka",
S1-223836916,S3-493763126,US,numeric_address_formatting,Strategic Creative Labs Inc,Strategic Creative Ls Inc,"607 Frost Place, Shelby, NC","60 Frost Pl, Shelby, North Carolina"
S1-107807486,S3-178340201,India,numeric_address_formatting,Odi Equipment Private Limited,Odi Equipment Private Límited,"Mumbai, Maharashtra, Mumbai, 101 Tardeo Air Conditionedmarket Tardeo Road","#10 Tardeo Air Conditionedmarket Tardeo Road, Mumbai, MH, Mumbai"
S1-182294679,S2-773303383,India,severe_name_variation,New Finance Private Limited,न्यू फाइनेंस प्राइवेट लिमिटेड,"1056A, Ground Floor, Iffco Colony Sector 17B, Gurgaon, Haryana","1056A, GURGAON, Haryana"
S1-154687788,S2-36863420,India,address_only_linkage,Hitech Management Private Limited,हाईटेक मैनेजमेंट प्राइवेट लिमिटेड,"1210, 12Th Floor, Hubtown Solaris, Ns Phadke Marg, Saiwadi, Andheri East, Mumbai, Mumbai City, Maharashtra","1210, 12TH FLOOR, HUBTOWN SOLARIS, NS PHADKE MARG, SAIWADI, ANDHERI EAST, BOMBAY, MUMBAI CITY, महाराष्ट्र"
S1-298328243,S3-936732610,India,address_only_linkage,Premier Ventures Pvt Ltd,பிரீமியர் வென்ச்சர்ஸ் பிரைவேட் லிமிடெட்,"Old No. 117, New No 52, Bajanaikoil Street 1St Floor, Choolaimedu, Chennai, Tamil Nadu","Old No. 117., Madras, TN"
S1-120531116,S3-344839625,US,numeric_address_formatting,All Lincoln PC,All Lincoln LLC,"911 Wildwood Lane, Bellaire, TX","Texas, 896 Wildwood Lane, Bellairecdp"
S1-171912358,S3-653120108,US,missing_address,Aldrich Companies,Aldrich Compcaies,"2043 Moffat Street, Chicago, IL",
S1-173326643,S3-482581600,US,missing_address,Vanguard Platinum First Inc,Vanguard First Inc  Partners,"135-19 118 Street, South Ozone Park, NY",
S1-327635348,S3-114611296,India,address_only_linkage,Prime Management Private Limited,PM,"101-102, Subhalaxmi Complex Nr Sivalik Complex Subhanpura, Vadoadar, Vadodara, Gujarat","101-102, Subhalaxmi Complex Nr Sivalik Complex Subhanpura, Vadoadar, Vadodara, Gujarat"
S1-109160539,S3-938536793,US,address_only_linkage,Atlas,Almas,"865 Mount Tabor Road, Cabot, AR","865 Mount Tabor Rd, Cabot, Arkansas"
S1-306733890,S2-849482267,India,address_only_linkage,Hotel Tech Private Limited,ಹೋಟೆಲ್ ಟೆಕ್ ಪ್ರೈವೇಟ್ ಲಿಮಿಟೆಡ್,"No. 279 & 288, 3Rd Floor, Amarjyothi Layout Domlur, Bengaluru, Bangalore, Karnataka","Karnataka, BANGALORE, 3RD FLOOR, AMARJYOTHI LAYOUT DOMLUR, NO. 279 & 288"
S1-131331706,S2-171743479,India,address_only_linkage,Modern Gujarat Producer Pvt Ltd,मॉडर्न गुजरात प्रोड्यूसर प्रा. लि.,"Golden-1 Shop No-T3-1104, Plt No-11 Sec-Techzone Iv, Gautam Buddha Nagar, Uttar Pradesh","GOLDEN-1 SHOP NO-T3-1104, PLT NO-11 SEC-TECHZONE IV, GAUTAM BUDDHA NAGAR, Uttar Pradesh"
S1-131749304,S2-581088162,India,address_only_linkage,Laxmi Food Private Limited,लक्ष्मी फूड प्राइवेट लिमिटेड,"C-346, Ground Floor Office, Palam Extn, Sector-7, Dwarka, New Delhi, South West Delhi, Delhi","C-34, GROUND FLOOR OFFICE, PALAM EXTN, SECTOR-7, DWARKA, SOUTH WEST DELHI, DWARKA NEW DELHI, Delhi"
S1-144292820,S2-352076177,India,other,Patna Fund Private Limited,patnafund.com,"Near Old Devi Mandir New Jaganpura, Kankarbagh, Patna, Bihar","785- NEAR OLD DEVI MANDIR NEW JAGANPURA, KANKARBAGH, PATNA, Bihar"
S1-311670757,S2-441278448,India,address_only_linkage,Urban Investment Private Limited,अर्बन इन्वेस्टमेंट प्राइवेट लिमिटेड,"Indra Park Uttam Nagar, New Delhi, West Delhi, Rz-29, Delhi","RZ-29, NEW DELHI, WEST DELHI, Delhi"
S1-328919213,S2-99782530,US,numeric_address_formatting,Business Defense Global LLC,Business Global LLC Services,"5611 Clingmans Dome Road, Cherokee, NC","5611B CLINGMANS DOME RD, CHEROKEE, NC"
S1-314345585,S2-355993673,India,address_only_linkage,Jain Properties Pvt Ltd,जैन प्रॉपर्टीज प्रा. लि.,"C-310, Groma House, Plot No. 14-C, Sector 19, Opp. Dana Bund, Ar, Vashi, Navi Mumbai, Mumbai City, Maharashtra","C-310, null, NAVI MUMBAI, MUMBAI CITY, Maharashtra"
S1-17466892,S3-672679584,US,numeric_address_formatting,Western Preparatory Academy LLC,Western Preparatory,"720 Creek View Ct, Coralville, IA","719 Creek View Ct, Coralville, Iowa"
S1-186303990,S3-763627629,US,numeric_address_formatting,Education Association Inc.,Education Ássociation Inc.,"Unit #3, Tacoma, WA, 3402 M Street","340 M Street, Tacoma, Washington"
S1-290400259,S2-323345579,US,address_only_linkage,Raza Xsolla Inc,razaxsolla.com,"155 Circle Drive, Huntington, IN","HUNTINGTON, 155 1/2 CIRCLE DRIVE, IN"
S1-112379136,S3-740377699,US,numeric_address_formatting,Summit Center,Summit Center District,"4720 Belford Road, Fayetteville, NC","Belford Rd, Fayetteville Township, North Carolina"
S1-173201956,S3-949057383,US,address_only_linkage,Surgical Pacific Specialists LLC,pssurgical.com,"64 Michael Avenue, East Hartford, CT","0064 Michael Ave, East Hartford, Connecticut"
S1-242335626,S2-139639047,India,address_only_linkage,Best Lakshmi Constructions,बेस्ट लक्ष्मी कंस्ट्रक्शंस,"C-15/31, Mahalaxmi Chambers, Near S. T. Stand, Kolhapur, Maharashtra","C-15/31, MAHALAXMI CHAMBERS, NEAR S. T. STAND, KOLHAPUR, महाराष्ट्र"
S1-169280240,S3-551259995,India,other,Prime Media Pvt Ltd,Prime Maiedia Pvt Ltd,"Vill. Gopinathbati, Gonna Dwariapur, Bardhaman, West Bengal","Purba Bardhaman, Vill. Gopinathbati, WB, Gonna Dwariapur"
S1-323808444,S3-896716886,US,numeric_address_formatting,"Magana, Jones and Person Liquor PC","Magana, Jones and Person Liquor","41 Hadley Street, South Hadley, MA","S Hadley, 41B Hadley St, Massachusetts"
S1-183448499,S3-373722624,India,numeric_address_formatting,Progreen Info Pvt. Ltd.,Pr0green Info-Pvt.,"Delhi, Dda Flats Jhilmil Colony, Jhilmil East, 216B, East Delhi","No. 130 216B, Delhi, DL, East Delhi, Dda Flats Jhilmil Colony, Jhilmil East"
S1-188128171,S3-150230360,India,other,Arion Impex Pvt Ltd,Mr Arion Impex Pvt Limited,"C/O Tighle Engineering Industries, Midc Area, Latur, Maharashtra","C/o Tighle Engineering Industries, Midc Area, महाराष्ट्र"
S1-146580949,S2-751077112,US,address_only_linkage,Valley Golden LLC,valleygolden.com,"12048 Rathskeller Drive, La Coste, TX","12048 RATHSKELLER DR, PMB 4567, LA COSTE, TX"
S1-131749304,S2-23830462,India,numeric_address_formatting,Laxmi Food Private Limited,लक्ष्मी Food Private Limited,"C-346, Ground Floor Office, Palam Extn, Sector-7, Dwarka, New Delhi, South West Delhi, Delhi","C-34, SOUTH WEST DELHI, DWARKA NEW DELHI, दिल्ली"
S1-200341830,S2-405203916,India,address_only_linkage,Hyderabad Heavy Private Limited,CÍRAMIRA,"8-2-293/2/82/L/83/A, 4Th Floor, 83/A, Mla Colony Road No.12, Banjara Hills, Hyderabad, Telangana","8-2-293/2/82/L/83/A, HYDERABAD, Telangana"
S1-223473124,S3-546112626,US,numeric_address_formatting,Asset Building Institute,Asset Building,"533 Northend Drive, Schenectady, NY","Northend Dr, Schenectady, New York"
S1-212160933,S3-710657524,India,address_only_linkage,Hari Care Limited,Haricare.Com,"Kala Bhavan, Office No.5, 3, Mathew Road, Mumbai, Maharashtra","Kala Bhavan, Office No.5, 3, Mathew Road, Mumbai, MH"
S1-133498418,S2-584638478,India,address_only_linkage,Jain Consultancy Pvt Ltd,जैन कंसल्टेंसी प्रा. लि.,"154, Shamaldas Gandhi, Marg, Princess Street, Mumbai, Maharashtra","154, SHAMALDAS GANDHI, MARG, PRINCESS STREET, MUMBAI, Maharashtra"
S1-303333748,S2-692669422,India,address_only_linkage,Consulting Jaipur Constructions Limited,consultingjaipurconstructions.com,"52/1/2, Floor-Grd, Kokari Agar, Shaikh Misree Road Vardhraj Nagar Antop Hill, Mumbai, Mumbai City, Maharashtra","52/1/2-, FLOOR-GRD, KOKARI AGAR, SHAIKH MISREE ROAD VARDHRAJ NAGAR ANTOP HILL, MUMBAI, Maharashtra"
S1-168396990,S2-173339374,India,address_only_linkage,Gujarat Software Pvt Ltd,गुजरात सॉफ्टवेयर प्रा. लि.,"A - 42/6, Ground Floor, Pinnacle Tower, Sector-62, Noida, Gautam Buddha Nagar, Uttar Pradesh","#930 A - 42/6, NOIDA, GAUTAM BUDDHA NAGAR, Uttar Pradesh"
S1-169668059,S3-514135259,India,address_only_linkage,Lakeview Textiles Pvt Ltd,lakeviewtextiles.com,"357 Sector 5, Gurgoan, Gurgaon, Haryana","H.no B3/357 Sector 5, Gurgoan, Gurgaon, HR"
S1-293626167,S2-10943527,US,numeric_address_formatting,Bureau of Finance,BUREAU  OF,"3709 Groometown Road, Greensboro, NC","370 GROOMETOWN RD, GREENSBORO, NC"
S1-172857778,S2-152359124,US,numeric_address_formatting,Sandye Reeves Presidio L.L.C.,Sandye Reeves Presidio,"Show Low, AZ, 1861 Reel Way","REEL WAY, <NULL>, WHITE MOUNTAIN LAKE, AZ"
S1-23415640,S2-565855166,India,address_only_linkage,Krishna Food Private Limited,कृष्णा फूड प्राइवेट लिमिटेड,"New Delhi, 113, 3Rd Floor, Aggarwal Chamber-I Veer Sawarkar Block, Shakarpur, Delhi, Office No. 83","OFFICE NO. 83, NEW DELHI, DELHI, दिल्ली"
S1-110278411,S3-722034853,India,severe_name_variation,IH Techmark Private Limited,IH Private Limited Service,"C/O Prashant Singh, Sai Dutta Road, Lucknow, Uttar Pradesh","Lucknow, C/o Prashant Singh, UP"
S1-158503808,S2-23963522,India,address_only_linkage,Bio Shapes Limited,Kelocalo,"602, Sector 84, Antriksh Heights, Tower-Ai, Narsinghpur, Gurgaon, Haryana","602, NARSINGHPUR, GURGAON, Haryana"
S1-328033342,S3-489619291,India,severe_name_variation,Sidhidatri Brothers Private Limited,Sbprivate.Com,"Hanuman Street, Daga Bazar, Jodhpur, Rajasthan","Hanuman Street, Jodhpur, राजस्थान"
S1-145038030,S2-721857601,India,address_only_linkage,Vijay Construction Private Limited,विजय कंस्ट्रक्शन प्राइवेट लिमिटेड,"288, Vikas Kunj Vikas Puri, Delhi, New Delhi, Delhi","288, VIKAS KUNJ VIKAS PURI, DELHI, NEW DELHI, Delhi"
S1-284865332,S3-896525716,India,address_only_linkage,Solutions Marvel Logistics Private Limited,Dovaonyx One,"R No 12 Shri Ram Samarth, Krupa Ch No 1 Oppshri, Kalyan, Thane, Maharashtra","Maharashtra, Thane, Kalyan, R No 12 Shri Ram Samarth, Krupa Ch No 1 Oppshri"
S1-105472965,S3-486015682,India,address_only_linkage,Rox Producer Private Limited,Mr roxproducer.com,"160-A, Ground Floor, Cariappa Marg, Khirki Extn. Colony, New Delhi, South Delhi, Delhi","दिल्ली, Ground Floor, Cariappa Marg, Khirki Extn. Colony, New Delhi, 160-A, South Delhi"
S1-240897048,S3-977821097,India,numeric_address_formatting,HXJ Planners Private Limited,HXJ Planners Prívate,"Plot No. 754, Sa Society, Khanamet, Shaikpet, Hyderabad, Telangana","Shaikpet, TG, Door No 54, Hyderabad"
S1-153495462,S2-973174801,US,address_only_linkage,Clark & Alomar Partners,Zetavera,"4350 Charter Oak Road, Phoenix, AZ","4350 CHARTER OAK ROAD, GLENADLE, AZ"
S1-300532680,S2-108148756,US,address_only_linkage,Studio 85 Ice Cream,studio85icecom,"23459 United States Highway 97, Unit SPC, Orondo, WA","23459- UNITED STATES HIGHWAY 97, PMB 8860, ORONDO CDP, WA"
S1-194896611,S2-634933619,India,address_only_linkage,Zenith Consultants,consultantszenith.com,"304 Centre Point Bldg18Th & 20Th Rd Corner Chembur, Mumbai, Maharashtra","304 CENTRE POINT BLDG18TH & 20TH RD CORNER CHEMBUR, MUMBAI, Maharashtra"
S1-255975796,S3-628525670,India,address_only_linkage,Ramrajya Charitable Trust Company,Mr Rctrust.Com,"Aurangabad, H. No. 1809 Near Jaiprakash Auto Service Phulambri Tq. Phulambri, Maharashtra, Aurangabad","Door No G-1809 Near Jaiprakash Auto Service Phulambri Tq. Phulambri, Jalna, Aurangabad, MH"
S1-190428613,S3-67896847,India,numeric_address_formatting,Om Care Private Limited,Om Prívate-Limited Partners,"Chirag Apartment, Flat 2K, 2Nd Floor, 2Nd Block, 4, Italgacha Road, Kolkata, Kolkata, Howrah, West Bengal","Chirag Apartment, Kolkata, WB"
S1-13991715,S3-548733745,US,other,W+ Premium Corporation,W+ Prémium Corp,"19 Stravinsky Avenue, Middletown, DE","Middletown, Delaware, <NULL>, 19-21 Stravinsky Avenue"
S1-237674596,S2-120045923,US,address_only_linkage,Maldonado & Hernandez PC,maldonadohernandez.com,"305 Meadow Street, Nixa, MO","305 MEADOW ST, NIXA, MO"
S1-110504289,S3-633375083,India,severe_name_variation,Sree Media Private Limited,श्री मीडिया प्राइवेट लिमिटेड,"Molahu Siddiqui S/O Mr. Lal Bahadur Sonauli, Maharajganj, Uttar Pradesh","Molahu Siddiqui S/o Mr. Lal Bahadur Sonauli, Maharajganj, UP"
S1-311568337,S2-388969824,India,numeric_address_formatting,Megaa Constructions Private Limited,Megaa Constructions Private Límited,"701, Le Orchidchs Ltd., Opp Khar Gymkhana 15Th Road, Khar (West), Mumbai, Mumbai City, Maharashtra","01, LE ORCHIDCHS LTD., OPP KHAR GYMKHANA 15TH ROAD, KHAR (WEST), MUMBAI, Maharashtra"
S1-132232892,S3-412297748,India,missing_address,Bhuvi & Co,M/s Bhuvi + Co.,"B 36/999 Navi Peth Phatk Baug Colony, Pune, Maharashtra",
S1-157832752,S2-133291026,India,address_only_linkage,Relogistics Technology Private Limited,Shri #relogisticstechnology,"Chetan Sitaram Sno 680/5A/1 Flno 504 Parvati Heights Landewadi Bhosari, Pune, Maharashtra","CHETAN SITARAM SNO 680/5A/1 FLNO 504 PARVATI HEIGHTS LANDEWADI BHOSARI, PUNE, Maharashtra"
S1-215126279,S3-303465141,India,other,Precious Consultants Private Limited,Drexriza One F/K/A Precious Consultants Private Limited,"Umaria, Walk In Woods Resort, Village Bijahariya Tahasil Manpur, Madhya Pradesh","Walk In Woods Resort, Village Bijahariya Tahasil Manpur, Umaria, Madhya Pradesh"
S1-165594795,S3-531709461,US,address_only_linkage,Anni's Custom Specialists,Anniscustomspecialistscom,"11600 700, Upland, IN","Upland, PMB 6083, ##11600 700, Indiana"
S1-283499921,S2-431739493,India,address_only_linkage,Pioneer Ventures Private Limited,పయనీర్ వెంచర్స్ ప్రైవేట్ లిమిటెడ్,"H.No.3-71/Nr Plot No. - 71, Kavuri Hills - Ii, Madhap, Ur, Hyderabad, Telangana","H.NO.3-71/NR PLOT NO. - 71, Andhra Pradesh, KAVURI HILLS - II, MADHAP, UR, HYDERABAD"
S1-19928143,S2-798772992,India,address_only_linkage,Unique Business Private Limited,यूनिक बिजनेस प्राइवेट लिमिटेड,"Base No. B- 16, Basement, Marol Naka, Hind Saurashtra Ind. Estate, Andheri Eas, T, Mumbai, Maharashtra","BASE NO. B- 16, MUMBAI, महाराष्ट्र"
S1-213588989,S2-877540421,India,severe_name_variation,Ss International Ltd,Smt SS INTEGBRNATIONAL  LTD,"D-38, 2Nd Floor, Phase-1, Vivek Vihar, Delhi, East Delhi, Delhi","D-38., 2ND FLOOR, PHASE-1, VIVEK VIHAR, DELHI, Delhi"
S1-195854006,S3-789677954,India,other,Ecom Constructions (India) Limited,Ecom Cotsuctions (India) Limited,"C/O Bipad Bhanjan Das, Vill-Harirampur, Harirampur, South Dinajpur, West Bengal","C/o Bipad Bhanjan Das, Vill-harirampur, South Dinajpur, Harirampur, WB"
S1-261851261,S3-353366601,India,address_only_linkage,Wg Industries Pvt Ltd,WI,"Unit No.546, 5Thfloor, IjmimaâImitation Jewellery Market Co-Op.Society Ltd, Off. Link Rd, Ma, Lad (West), Mumbai, Mumbai City, Maharashtra","Unit No.546, 5Thfloor, IjmimaâImitation Jewellery Market Co-Op.Society Ltd, Off. Link Rd, Ma, Lad (West), Mumbai, Mumbai City, Maharashtra"
S1-328331569,S2-189366933,India,address_only_linkage,Prime Investment Private Limited,പ്രൈം ഇൻവെസ്റ്റ്മെന്റ് പ്രൈവറ്റ് ലിമിറ്റഡ്,"2/812-A, Aroor Industrial Estate, Aroor, Alappuzha, Kerala","2/812, AROOR INDUSTRIAL ESTATE, AROOR, കേരളം"
S1-100378451,S3-124740926,India,address_only_linkage,All Management Private Limited,ഓൾ മാനേജ്മെന്റ് പ്രൈവറ്റ് ലിമിറ്റഡ്,"Room No 105 Surya Buildingwest Nada P O Guruvayur, Malappuram, Thrissur, Kerala","Room No 105- Surya Buildingwest Nada P O Guruvayur, Thrissur, Malappuram, KL"
S1-116216109,S2-711043943,India,severe_name_variation,One Engineering Pvt Ltd,वन इंजीनियरिंग प्रा. लि.,"Bursu Walo Ki Haweli, Oswali Mohalla, Kishangarh, Ajmer, Rajasthan","BURSU WALO KI HAWELI, KISHANGARH, AJMER, Rajasthan"
S1-154891225,S2-425671224,India,address_only_linkage,Krishna Builders Limited,ಕೃಷ್ಣ ಬಿಲ್ಡರ್ಸ್ ಲಿಮಿಟೆಡ್,"Flat No 4, Linea Apartment No 19, Sy No 103/2, Horamavu Agara Village, Bangalore, Karnataka","H.NO 04, LINEA APARTMENT NO 19, SY NO 103/2, HORAMAVU AGARA VILLAGE, BANGALORE, ಕರ್ನಾಟಕ"
S1-128134992,S3-989466161,India,address_only_linkage,Vision Consulting Private Limited,ভিশন কনসাল্টিং প্রাইভেট লিমিটেড,"73/6 Palm Avenue, Kolkata, Howrah, West Bengal","No 73/6 Palm Avenue, Kolkata, Howrah, WB"
S1-136692243,S2-674375653,US,abbreviation,Allied Entergy P.C.,alliedentergy.com,"501 Monroe Street, Austin, TX","601 MONROE ST, AUSTIN, TX"
S1-258785766,S2-167057833,US,numeric_address_formatting,Pais Apex Vertical Inc,Pais Ap Vertical Inc,"160 Berkshire Avenue, Springfield, MA","16 BERKSHIRE AVE, SPRINGFIELD, MA"
S1-295417600,S3-888099876,US,missing_address,Federal Reserve,Federal Federal Reserve,"NE, Douglas County, 7116 Northland Drive",
S1-145409112,S3-785547528,India,severe_name_variation,Shivam Systems Private Limited,शिवम सिस्टम्स प्राइवेट लिमिटेड,"Kaumudi Vijaynagar Colony, Pune, Maharashtra","Block C-702 Kaumudi Vijaynagar Colony, Pune, MH"
S1-256654327,S3-271839584,US,numeric_address_formatting,Safe Electronics Works,>> The Safe Electr0nics Works,"190 Beech Street, Holyoke, MA","90 Beech Street, PMB 4494, Holyokecdp, Massachusetts"
S1-186624149,S2-295355181,India,address_only_linkage,Masha Foundation,Dr Wexevo,"896/A, 5Th A Cross, 17Th E Main 6Th Block, Koramangala, Bangalore, Karnataka","896/A, 5TH A CROSS, 17TH E MAIN 6TH BLOCK, KORAMANGALA, BANGALORE, Karnataka"
S1-24685950,S2-299752061,US,other,M & S Electronics LLC,M & S,"3326 Shadowbriar Drive, Houston, TX","3326 SHADOWBRIAR DRIVE, HOUSTON, TX"
S1-166693716,S3-848657357,India,address_only_linkage,White One Estate Private Limited,ವೈಟ್ ಒನ್ ಎಸ್ಟೇಟ್ ಪ್ರೈವೇಟ್ ಲಿಮಿಟೆಡ್,"No.241, 12Th Block, 5Th Cross, 2Nd Stage, Nagarabhavi, Bangalore North, Bangalore, Karnataka","No.241, 12Th Block, 5Th Cross, 2Nd Stage, Nagarabhavi, Bangalore North, Bangalore, KA"
S1-293100593,S2-524510677,US,address_only_linkage,Wilmington Minerals,Dovaaria,"5 Meadowbrook Road, Wilmington, MA","5 MEADOWBROOK RD, WILMINGTON, MA"
S1-16089602,S2-17646356,India,address_only_linkage,Swastik Care Pvt Ltd,స్వస్తిక్ కేర్ ప్రైవేట్ లిమిటెడ్,"Telangana, 4-89/1/16/M, Kodad, Bhavani Nagar, Nalgonda","NO 403 4-89/1/16/M, BHAVANI NAGAR, KODAD, NALGONDA, తెలంగాణ"
S1-269007167,S3-963820336,India,numeric_address_formatting,Al Construction,Al Center,"201, Gauri Apartments, Meera Bai Road, Lucknow, Uttar Pradesh","01, Lucknow, UP"
S1-304179821,S3-812713826,US,missing_address,Keystone Certified Hall L.L.C.,Keystone Certified Hall LLC,"14300 Bell Road, Unit 161, Surprise, AZ",
S1-320478432,S3-417110832,US,numeric_address_formatting,Optimal Biomedical Group Inc,Inc Optimal Boemical Group,"7 Oakwood Drive, Elk Grove Village, IL","9 Oakwood Dr, ELK Grove Villae CDP, Illinois"
S1-11711515,S2-863359729,US,other,Annabal Goodman Intercontinental LLC,#ANNABALGOODMAN,"1610 Aniston Road, Centerton, AR","1609 ANISTON RD, CENTERTON, AR"
S1-247885633,S2-734964325,US,numeric_address_formatting,"Odelinda H. Rogers, Esq., DDS PC","Odelinda H. Rogers, Esq., [DDS]","129 Elmore Avenue, Springfield, MA","MA, 129D ELMORE AVENUE, SPRNGFIELD"
S1-200376946,S3-935164740,India,numeric_address_formatting,Delta Hospitality Private Limited,Delta Hopiality Private Limited,"Mgrm House, Plot No.19, Huda Institutional Area, Sector-32, Gurugram, Gurugram, Gurgaon, Haryana","Mgrm House, Gurugram, NULL, HR"
S1-101198918,S3-134800844,India,address_only_linkage,PNW Farmers Private Limited,fpprivate.com,"Sco No. 67, Phase 3B2 Sas Nagar, Mohali, Punjab","Sco No. 67, Mohali, Sahibzada Ajit Singh Nagar, PB"
S1-217794291,S2-676017595,India,address_only_linkage,City Constructions Pvt Ltd,सिटी कंस्ट्रक्शंस प्रा. लि.,"R2/185 Grd Floor, Sector 2 Raj Nagar, Ghaziabad, Uttar Pradesh","GHAZIABAD, Uttar Pradesh, PLOT 681 R2/185 GRD FLOOR"
S1-285794850,S3-477873793,India,abbreviation,Tech Brahmaputra Hospitality Pvt. Ltd.,Tech Brahrmaputra Hospitality Pvt. Ltd.,"G1, Manidhari Bhawan Mushraf Ka Chowk, Johari Bazar, Jaipur, Rajasthan","G1, Jaipur, RJ"
S1-159173540,S3-122293169,US,transliteration,Empire Bakery LLC,empirebakery.com,"80 Timber Circle, Manchester, TN","Timber Cir, null, Manchester, Tennessee"
S1-221160806,S3-118704802,US,address_only_linkage,United Polska P.C.,unitedpolska.com,"505 Warbonnet Way, Pigeon Forge, TN","00505 Warbonnet Way, Pigeon Forge, Tennessee"
S1-309406332,S2-15273884,India,other,Daisy Manufactures Corporation,CENTER DAISY CORPORATION,"C6, 2Nd Floor, Spp Ranga Castle, Kannapiran Mill Road, Udayampalayam, Coimbatore, Tamil Nadu","C6, 2ND FLOOR, SPP RANGA CASTLE, KANNAPIRAN MILL ROAD, UDAYAMPALAYAM, COIMBATORE, Tamil Nadu"
S1-160338798,S2-493754087,India,other,Akbarpur Life Ltd,Akbarpur-Lfie Ltd,"C/O Sarojni Mirzapur Kodra, Akbarpur, Ambedkar Nagar, Uttar Pradesh","Uttar Pradesh, C/O SAROJNI MIRZAPUR KODRA, AKBARPUR, NULL"
S1-297682143,S3-553748449,US,address_only_linkage,3043 Market St Owners Corp Inc,Irinovi,"324 Laramie Avenue, Chicago, IL","324 Laramie Ave, Chicago, Illinois"
S1-180500331,S2-473028747,US,severe_name_variation,O & G Armour,O &,"3225 Saxony Road, Springfield, IL","SPRINGFIEELD, IL, 3225 SAXONY RD"
S1-13596834,S3-305096738,India,other,Balaji Bombay Foods Private Limited,Balaji Bmnay Foods Private Limited,"C/O Nirbhay Singh Balram, Gram Gumtra Khamra, Bichhua, Chhindwara, Madhya Pradesh","C/o Nirbhay Singh Balram, Gram Gumtra Khamra, Bichhua, Chhindwara, MP"
S1-13141531,S2-851329728,US,numeric_address_formatting,Urgent Care Pioneer Health L.L.C.,Urgent Care Poneer Health LLC,"4053 Farmer Way, North Highlands, CA","405 FARMER WAY, NORTH HIGHLANDS, CA"
S1-218128825,S3-3821173,US,address_only_linkage,Animal Welfare Ministries,animalwelfareministries.com,"202 Main Street, Southbridge, MA","202 Main Street, Southbridge, Massachusetts"
S1-107807486,S2-866543138,India,missing_address,Odi Equipment Private Limited,Odi Private Limited Services,"Mumbai, Maharashtra, Mumbai, 101 Tardeo Air Conditionedmarket Tardeo Road",
S1-21317041,S2-897671441,US,numeric_address_formatting,"O 8 Fresh Applied, Inc.","... O 8 Fresh Applled, Inc.","12 Seminole Pass, Sand Springs, OK","OK, SAND SPRINGS, 12C Seminole Pass"
S1-174383535,S2-314017180,India,address_only_linkage,Universal Products Private Limited,यूनिवर्सल प्रोडक्ट्स प्राइवेट लिमिटेड,"Flat No. 122, Pocket 13, Sector-21, Rohini, Delhi, North West Delhi, Delhi","FLAT NO. 122, NORTH WEST DELHI, Delhi"
S1-248733442,S2-820584310,India,address_only_linkage,Best Super Properties Private Limited,बेस्ट सुपर प्रॉपर्टीज प्राइवेट लिमिटेड,"Uttar Pradesh, H No-579, Brahmampura, Ss/A12, Bareilly","SS/A12, H NO-579, BRAHMAMPURA, BAREILLY, Uttar Pradesh"
S1-237702882,S2-915345166,India,severe_name_variation,Al Builders Private Limited,अल बिल्डर्स प्राइवेट लिमिटेड,"C/O Banmali Gupta, Near, Police Station, Tikamgarh, Madhya Pradesh","C/O BANMALI GUPTA, TIKAMGARH, NIWARI, Madhya Pradesh"
S1-305141224,S3-415428686,US,severe_name_variation,"Roark, Mena and Hughey Atlanta Group",@roarkmena - 5492089361,"334 Paradise Lane, Sturbridge, MA","34 Paradise Ln, Sturbridge, Massachusetts"
S1-10071224,S2-771337934,US,numeric_address_formatting,Direct Clear Blueport,DIRECT CLÉAR BLUEPORT,"2924 Market Street, Unit 6, Hannibal, MO","292 MARKET ST, HANNIBAL, MO"
S1-184854306,S2-91270916,US,numeric_address_formatting,Major Adr LLC,Major LLC Center,"3007 Walter Street, Unit B, Charlotte, NC","NC, CHARLOTTE, 3007B WALTER ST"
S1-197142017,S3-405477412,India,address_only_linkage,Dream Business Private Limited,డ్రీమ్ బిజినెస్ ప్రైవేట్ లిమిటెడ్,"H No.176/1-5-164, First Floor, Pension Line Ferozguda, Secunderabad, Hyderabad, Telangana","H No.176/1-5-164, Secunderabad, Hyderabad, TG"
S1-297222153,S3-455346835,US,missing_address,"Franco, Hurst & Nguyen LLC","Franco, Hurst &","2420 17th Street, Wilmington, NC",
S1-279161661,S2-137875315,India,address_only_linkage,Sky Logistics Private Limited,স্কাই লজিস্টিকস প্রাইভেট লিমিটেড,"23A Netaji Subhas Rd 10Th Flr No 32, Kolkata, Calcutta, West Bengal","23A NETAJI SUBHAS RD 10TH FLR NO 32, CALCUTTA, R.N. MUKHERJEE ROAD, West Bengal"
S1-190928298,S2-553393089,US,missing_address,Behavioral Health Harbor Care,Behavioral Health Hgánrro Care,"12009 Vanbeveren Drive, Alsip, IL",
S1-183056069,S2-228704941,India,severe_name_variation,Gujarat Global Private Limited,गुजरात ग्लोबल प्राइवेट लिमिटेड,"Uttar Pradesh, Bareilly, Shahjahanpur Roadshyamganj Bareilly, Uttar Pradesh","H.NO 219/2 SHAHJAHANPUR ROADSHYAMGANJ BAREILLY, BAREILLY, UTTAR PRADESH"
S1-23167771,S3-264056799,US,numeric_address_formatting,Eastman Alibaba LLC,Eastman [A1ibaba],"W9767 High Street, Town Of Dale, WI","W9767 High Street, PMB 7312, DALE, Wisconsin"
S1-109499073,S2-839826150,India,address_only_linkage,Fortune Developers Private Limited,ಫಾರ್ಚೂನ್ ಡೆವಲಪರ್ಸ್ ಪ್ರೈವೇಟ್ ಲಿಮಿಟೆಡ್,"26/2, Naganayakanakote, Anugondanahalli Hobli, Hosakote, Bangalore Rural, Karnataka","26/2, NAGANAYAKANAKOTE, ANUGONDANAHALLI HOBLI, HOSKOTE, Karnataka"
S1-149910818,S2-644776867,US,numeric_address_formatting,Advanced Coffee PC,Advanced PC Coffee,"74 E Cartwright Road, NY, Shelter Island","CARTWRIGHT RD, SHELTER ISLAND, NY"
S1-102953666,S2-696481790,India,address_only_linkage,Noori Law Chambers,noorilawchambers.com,"2/2 R.N.Tagore Road, Dakshineswar, North 24 Paraganas, North 24 Parganas, West Bengal","H.NO /2 R.N.TAGORE ROAD, DAKSHINESWAR, NORTH 24 PARAGANAS, West Bengal"
S1-303179754,S2-605567451,India,address_only_linkage,Sun Exports Private Limited,ಸನ್ ಎಕ್ಸ್‌ಪೋರ್ಟ್ಸ್ ಪ್ರೈವೇಟ್ ಲಿಮಿಟೆಡ್,"No. 260, 4Th Cross, 5Th Block Banashankari 3Rd Stage, Bangalore, Karnataka","BANGALORE, #260, Karnataka"
S1-228735402,S2-990466357,India,severe_name_variation,Aditya Systems Private Limited,आदित्य सिस्टम्स प्राइवेट लिमिटेड,"At Po Posewadital Khanapur Dist Sangli Posewadi, Sangli, Maharashtra","AT PO POSEWADITAL KHANAPUR DIST SANGLI POSEWADI, SANGLI, Maharashtra"
S1-318584933,S2-177407778,US,address_only_linkage,Strategic Marketing,Ariairi,"620 Central Chapel Road, Caroline, NY","620. CENTRAL CHAPEL RD, CAROLINE, NY"
S1-233988296,S2-177198944,US,numeric_address_formatting,Little Bike Shop,Little Schop Bike,"1005 Buttercup Court, Leander, TX","100 BUTTERCUP CT, N/A, LEANDER, TX"
S1-277260480,S2-282775549,US,address_only_linkage,Dutton Newbridge,DUTTONNEWBRIDGE.COM,"4400 Everett Road, Richfield, OH","4400-4404 EVERETT RD, BATH TWP, OH"
S1-256376933,S2-388284751,US,address_only_linkage,Pinnacle Digital Innovations LLC,Wexaria,"23527 E Gate Drive, Frankford, DE","23527 EAST GATE DR, FRANKFORD, DE"
S1-117428411,S2-960760899,India,address_only_linkage,Baba Marketing Limited,बाबा मार्केटिंग लिमिटेड,"Flat No.607/08/09, A-Wing, Samarth Aangan Ii, Indra Darshan, Sector Iii, Oshiwara, Andheri (, W), Mumbai, Bandra Suburban, Maharashtra","FLAT NO.607/08/09, A-WING, SAMARTH AANGAN II, INDRA DARSHAN, SECTOR III, OSHIWARA, ANDHERI (, W), MUMBAI, BANDRA SUBURBAN, Maharashtra"
S1-325481433,S3-388264235,US,abbreviation,"Brc, L.L.C.","8rc, L.L.C.","36 Fayette Avenue, Unit 3, Salt Lake City, UT","36 1/2 Fayette Ave, Unit 3, Salt Lake City, Utah"
S1-266675848,S2-100166222,India,address_only_linkage,My Construction Private Limited,माय कंस्ट्रक्शन प्राइवेट लिमिटेड,"Shop No. 122 Cp -1/B, 1St Floor, Sg Benefit, Ghaziabad, Uttar Pradesh","SHOP NO. 1-22 CP -1/B, GHAZIABAD, Uttar Pradesh"
S1-249489060,S3-573017900,India,severe_name_variation,Creative Investments Private Limited,ಕ್ರಿಯೇಟಿವ್ ಇನ್ವೆಸ್ಟ್‌ಮೆಂಟ್ಸ್ ಪ್ರೈವೇಟ್ ಲಿಮಿಟೆಡ್,"387, Mudnur'S Nest, 8Th Main Road M S Ramaiah City, J P Nagar 8Th Phase, Bangalore, Karnataka","38, Bangalore, KA"
S1-250300722,S2-481508703,India,address_only_linkage,Blue International,ब्लू इंटरनेशनल,"H. No. 350 A, Main Road Gali No.1 Hadi Nagar Dhorra Mafi, Aligarh, Uttar Pradesh","H.NO 350 A, ALIGARH, Uttar Pradesh"
S1-130829860,S3-564043785,US,numeric_address_formatting,Primary Care Center Inc,Primary Cee Center  Inc,"21 Brush Creek Road, Plainview, AR","Brush Creek Road, Plainview, Arkansas"
S1-283138346,S3-753921559,US,address_only_linkage,Synresoft LLC,Synessflt LLC #95459,"105 Montgomery Avenue, Unit Unit 1053, Montgomery Township, PA","105 Montgomery Ave, # Unit 1053, Montgomery Township, Pennsylvania"
S1-24754062,S3-219092710,India,address_only_linkage,Pioneer Great Global Private Limited,पायोनियर ग्रेट ग्लोबल प्राइवेट लिमिटेड,"Kh No. 249/1 G/F, Pole No 429, New Delhi, South West Delhi, Delhi","Kh No. 249/1 G/f, Pole No 429, New Delhi, South West Delhi, DL"
S1-203107926,S3-989943078,US,address_only_linkage,"Ho, Jordan & Forbes Indigo P.C.",hojordanforbes.com,"122 11th Avenue, Watford City, ND","122 11nd Ave, Watford City, North Dakota"
S1-172009065,S3-280360030,US,address_only_linkage,Arts Initiative LLC,artsinitiative.com,"2 Liberty Drive, South Barrington, IL","Illinois, Barrington, 2 Liberty Dr"
S1-187770256,S2-605575544,India,address_only_linkage,Ican Technologies LLP,icantechnologies.com,"130, Kerala, Kottayam, Purayidathil House, Parolickal Athirampuzha P.O, Kottayam","962 130, PURAYIDATHIL HOUTE, PAROLICKAL ATHIRAMPUZHA P.O, KOTTAYAM, Kerala"
S1-301246416,S3-704523446,US,missing_address,Pru Choi Silver Co,Pru  Choi,"355 Ottawa Avenue, Hutchinson, MN",
S1-242067945,S3-472005299,US,address_only_linkage,Beth Chapel,Dovafluxvera,"2201 39, Unit Apartment 20, Southampton, NY","2201 39, Unit Apartment 20, Southampton, NY"
S1-191641559,S3-169214883,India,address_only_linkage,My Estate Private Limited,ಮೈ ಎಸ್ಟೇಟ್ ಪ್ರೈವೇಟ್ ಲಿಮಿಟೆಡ್,"No. 1 (182), 5Th Cross, Rahmatnagar, R T Nagar Post, Bangalore, Karnataka","No. 1 (182), Bangalore, KA"
S1-261666380,S2-75993511,US,missing_address,Favava Golden Physical Therapy LLC,Favava Golden-Physical #86112,"1915 Macarthur Road, Unit LOT 26, Wichita, KS",
S1-100698162,S2-503978251,India,address_only_linkage,Shivam High Technology Private Limited,शिवम हाई टेक्नोलॉजी प्राइवेट लिमिटेड,"27/4 Divya Darshan Commercial Complex Dahanukar Colony Kothrud, Pune, Maharashtra","27/4 DIVYA DARSHAN COMMERCIAL COMPLEX DAHANUKAR COLONY KOTHRUD, PUNE, Maharashtra"
S1-290447970,S3-240867341,India,address_only_linkage,Eastern Tech Private Limited,ഈസ്റ്റേൺ ടെക് പ്രൈവറ്റ് ലിമിറ്റഡ്,"Tc 4/2071 Radha Nivas, Pullukad, Karimanal P.O, Thiruvananthapuram, Trivandrum, Kerala","Tc /2071 Radha Nivas, Trivandrum, Thiruvananthapuram, KL"
S1-220767290,S2-778065184,US,missing_address,Eye Direct Specialists LLC,Eye Eye Direct Specialists LLC,"NC, 8000 Bradenton Drive, Charlotte",
S1-165397740,S2-864916924,India,address_only_linkage,Hitech Ventures Private Limited,हाईटेक वेंचर्स प्राइवेट लिमिटेड,"No.2, Ashish, Shreenagar, Thane, Maharashtra","NO.2, THANE WAGLE ESTATE, महाराष्ट्र"
S1-151029840,S3-929610891,India,other,Mega & Brothers Pvt Ltd,Ltd Mega Brothers Pvt Service,"C/O - Susant Kumar Samal Jobra Malha Sahi, Collage Square, Cuttack, Cuttack, Orissa","C/o - Susant Kumar Samal Jobra Malha Sahi, Collage Square, Cuttack, Cuttack, OD"
S1-23415640,S3-903854220,India,address_only_linkage,Krishna Food Private Limited,krishnafood.com,"New Delhi, 113, 3Rd Floor, Aggarwal Chamber-I Veer Sawarkar Block, Shakarpur, Delhi, Office No. 83","Office No. 83, 113, 3Rd Floor, Aggarwal Chamber-i Veer Sawarkar Block, Shakarpur, Delhi, New Delhi, DL"
S1-124920867,S2-775956319,US,address_only_linkage,Credle's Yoga LLC,credlesyoga.com,"1468 Brookmead Court, Rocky Mount, NC","1468  BROOKMEAD COURT, ROCKY MOUNT, NC"
S1-225917768,S3-740384927,India,address_only_linkage,Balaji (India) Information Ltd,Onyxsynyuma,"Fp-127 Near Ait College, Chandlodiya, Daskroi, Ahmedabad, Gujarat","Fp-127 Near Ait College, Chandlodiya, Daskroi, Ahmedabad, Gujarat"
S1-302577127,S3-909817420,India,address_only_linkage,Fortune Healthcare Pvt Ltd,ಫಾರ್ಚೂನ್ ಹೆಲ್ತ್‌ಕೇರ್ ಪ್ರೈವೇಟ್ ಲಿಮಿಟೆಡ್,"No.68/1, Industrialsuburb, Yeshwantpur, Bangalore, Karnataka","No.68/1, Industrialsuburb, Yeshwantpur, Bangalore, ಕರ್ನಾಟಕ"
S1-305431850,S2-638320778,US,address_only_linkage,"Lelodyne, Inc","Lgod, Inc","2335 Workman Avenue, Simi Valley, CA","2335  WORKMAN AVENUE, SIMI VALLEY, CA"
S1-109584953,S2-242401275,India,address_only_linkage,Lakshmi Properties Pvt Ltd,लक्ष्मी प्रॉपर्टीज प्रा. लि.,"Csno 4362, Near Mutton Market Mai Mohalla Junnar, Junnar (Mci), Pune, Maharashtra","CSNO 4362., NEAR MUTTON MARKET MAI MOHALLA JUNNAR, JUNNAR (MCI), PUNE, महाराष्ट्र"
S1-205040025,S2-200922224,US,abbreviation,H 9 Complete States,H 9,"280 North Road, Pascoag, RI","280 NORTH ROAD, PASCOAG, RI"
S1-248211788,S2-314750266,India,address_only_linkage,Great Business Private Limited,గ్రేట్ బిజినెస్ ప్రైవేట్ లిమిటెడ్,"Sy No. 128/P, Flat No. 408, Varuna Block, Sri Vensai Projects, Kompally, Hyderabad, Rangareddy, Telangana","SY NO. 128/P, HYDERABAD, RANGAREDDY, Andhra Pradesh"
S1-243412726,S2-746215972,US,address_only_linkage,Valley Imperii LLC,valleyimperii.com,"611 Main Street, Norwich, CT","611 MAIN ST, NORWICH, CT"
S1-265740812,S3-5509609,US,transliteration,Hynda Deyoung Siddhi LLC,hyndadeyoungsiddhi.com,"331 Alphin Avenue, Waynesboro City, VA","Alphin Ave, Waynesboro City, Virginia"
S1-230387411,S2-120602727,India,address_only_linkage,Indo Unique Consultancy Private Limited,इंडो यूनिक कंसल्टेंसी प्राइवेट लिमिटेड,"In Front Of K-112 & Oxford Academy School Jogipur, Patna, Hanuman Nagar Po-Lohiya Nagar, Kankarbagh, Bihar","PLOT ##895 IN FRONT OF K-112 & OXFORD ACADEMY SCHOOL JOGIPUR, HANUMAN NAGAR PO-LOHIYA NAGAR, KANKARBAGH, PATNA, बिहार"
S1-183735179,S2-870831522,US,numeric_address_formatting,Surgical Medicine,Surgical Medicine Association,"316 J Street, CA, Oxnard","31 J ST, CITY OF OXNARD, CA"
S1-261056326,S3-224086655,US,other,Womens Health Trusted Care LLC,womenshealthtrusted.com,"2630 Prairie Avenue, Unit 207, South Bend, IN","Prairie Avenue, <NULL>, South Bend, Indiana"
S1-15525107,S3-539171386,India,address_only_linkage,North Producer Private Limited,नॉर्थ प्रोड्यूसर प्राइवेट लिमिटेड,"B-1/002, Ground Floor, Sukur Park Society, Kalwa, Thane, Thane, Maharashtra","H.no 843 B-1/002, Thane, MH"
S1-274429230,S2-889224637,India,abbreviation,New Marketing Private Limited,newmarketing.com,"Mumbai, Now Ashar Titan Village Ghatkopar Kirol, Vb Lane Ghatkopar East Opp Odeon Shopping Centre, 1006 Mahavir Jyot, Maharashtra, Mumbai","006 MAHAVIR JYOT, NOW ASHAR TITAN VILLAGE GHATKOPAR KIROL, VB LANE GHATKOPAR EAST OPP ODEON SHOPPING CENTRE, MUMBAI, Maharashtra"
S1-220034289,S3-643050569,US,missing_address,Ziix Capital Inc,Ziix-Capital (ID: 35622),"3323 Gracefield Road, Maryville, TN",
S1-209556353,S2-272694864,India,address_only_linkage,Informatics Medical Centre,WEXMIRA,"Ground Floor, No.2 Airport Road, Domlur, Bangalore, Karnataka","ಕರ್ನಾಟಕ, NO.2 AIRPORT ROAD, DOMLUR, BANGALORE, GROUND FLOOR, BANGALORE"
S1-275257496,S3-376617803,US,transliteration,Department of Veterans Affairs,departmentveteransaffairs.com,"16 Willow Lane, Wiscasset, ME","Willow Lane, Wiscasset, Maine"
S1-312124889,S2-798531139,India,address_only_linkage,Perfect Foundation LLP,परफेक्ट फाउंडेशन एलएलपी,"207, Ashish Udyog Bhavan, Ramchandra Lane Extn, Malad West, Mumbai, Maharashtra","207, ASHISH UDYOG BHAVAN, RAMCHANDRA LANE EXTN, MALAD WEST, MUMBAI, Maharashtra"
S1-315703564,S3-253935657,US,severe_name_variation,Short & Farrell Group,Lyradrex,"2426 Courtyard Circle, Unit #5, Aurora, IL","02635 Courtyard Cir, Aurora, PMB 1267, Illinois"
S1-266362903,S2-453506542,India,address_only_linkage,Krishna Marketing Limited,কৃষ্ণ মার্কেটিং লিমিটেড,"Jagatdal, 24-Parganas (N), Kolkata, Howrah, West Bengal","24-PARGANAS (N), JAGATDAL, West Bengal, HOWRAH, KOLKATA"
S1-1731757,S3-4086286,US,severe_name_variation,WM Australia Inc,Services WM Inc,"608 Bucknell Drive, Oyster Bay, NY","608 Bucknfll Dr, East Massapequa, New York"
S1-254530587,S2-168217835,India,address_only_linkage,Eastern Industries Limited,ईस्टर्न इंडस्ट्रीज लिमिटेड,"544 Adenwala Road 4/16Shivji Krupa Matunga [Cr], Mumbai, Maharashtra","7-544 ADENWALA ROAD 4/16SHIVJI KRUPA MATUNGA [CR], MUMBAI, Maharashtra"
S1-196171260,S2-359827890,US,address_only_linkage,American Delta Coca Inc,@americandelta,"16434 Bermuda Field Street, Hockley, TX","16434 BERMUDA FIELD STRETE, HOCKLEY, TX"
S1-190390092,S2-746332067,India,address_only_linkage,RR Tm Private Limited,privaterrtm.com,"Chennai, Tamil Nadu, No.142/25.100.Ft.Road Loganathanagar 2Nd Street Choolaimedu, Chennai","NO.142/25.100.FT.ROAD LOGANATHANAGAR 2ND STREET CHOOLAIMEDU, CHENNAI, Tamil Nadu"
S1-239066177,S3-887596825,India,address_only_linkage,Red Om Consulting Pvt Ltd,ರೆಡ್ ಓಂ ಕನ್ಸಲ್ಟಿಂಗ್ ಪ್ರೈವೇಟ್ ಲಿಮಿಟೆಡ್,"Pavillion 175 And 176, Dollars Colony, Phase 4, Jp Nagar, Bannerghatta Main Rd, Bengaluru, Bangalore, Karnataka","Pavillion 175 And 176, Dollars Colony, Phase 4, Jp Nagar, Bannerghatta Main Rd, Bangalore, KA"
S1-109375972,S3-467611035,US,address_only_linkage,Carmody Quality LLC,Carm0dy Qutay  LLC,"1010 Adams Street, Phoenix, AZ","1010 Adams St, Phoenix, Arizona"
S1-203981322,S2-972704365,US,other,Ashford North Cove Human Rights Green Alliance,ashfordnorthcove.com,"Ashford North Cove, 195 Lou Moody Memorial Drive, NC","196 LOU MOODY MEMORIAL DR, ASHFORD NORTH COVE, NC"
S1-316728557,S2-66823520,US,abbreviation,E+ Machines,E+ Mgacimnes,"1015 Hartsdale Drive, Dallas, TX","1015 HARTSDALE DR, <NULL>, DALLAS, TX"
