system,k_ret,cand_rec_micro,cand_rec_macro,cand_rec_us,cand_rec_in,precision,recall,macro_f05,us_f05,in_f05,singleton_acc,multi_f05,multi_5_f05,avg_cands,median_cands,p95_cands,p99_cands,max_cands,peak_ram_mb,eval_time_s
Production Cap40 (First-Come),40,49.14,52.34,61.39,31.61,0.64938,0.43013,0.58549,0.7179,0.39697,0.94966,0.57071,0.5819,26.0,26.0,40.0,40.0,40,1500,0.0
Uncapped Benchmark,9999,76.05,77.33,81.74,67.91,0.88015,0.66342,0.80414,0.86837,0.71269,0.84899,0.81112,0.83856,474.2,450.0,1200.0,2100.0,5200,9000,0.0
V3 K40,40,70.97995805173619,72.62422222222222,77.31366920716619,61.917575414247274,0.86994,0.62695,0.78776,0.85814,0.68757,0.9094,0.79059,0.81744,26.0432,40.0,40.0,40.0,40,1191.5771484375,0.14960265159606934
V3 K60,60,71.74900955488232,73.38722222222222,77.75908146095219,63.14969551055092,0.87379,0.63248,0.79112,0.85927,0.6941,0.89262,0.7948,0.82143,35.529,42.0,60.0,60.0,60,1562.36572265625,0.20107555389404297
V3 K80,80,72.59962712654394,74.18263492063491,78.18469761456993,64.60841240617476,0.87865,0.63936,0.79613,0.86117,0.70354,0.88255,0.80088,0.82639,43.9526,42.0,80.0,80.0,80,1933.154296875,0.24279522895812988
V3 K100,100,73.06571894663249,74.60100793650794,78.6202118182718,65.11825520464524,0.88085,0.64276,0.7984,0.86322,0.70612,0.87919,0.80365,0.82948,51.5928,42.0,100.0,100.0,100,2303.94287109375,0.29576897621154785
V3 K120,120,73.5784199487299,75.04170634920634,79.19429872315153,65.54312420337062,0.88197,0.64647,0.80048,0.86485,0.70883,0.87919,0.80576,0.83084,58.7066,42.0,120.0,120.0,120,2674.7314453125,0.31560230255126953
V3 K160,160,74.01538103006293,75.4450873015873,79.72879342769474,65.8405325024784,0.88291,0.64978,0.80202,0.86699,0.70952,0.87248,0.80771,0.83339,71.499,42.0,160.0,160.0,160,3416.30859375,0.36583828926086426
V3 K200,200,74.29503612211606,75.73418253968254,80.04553103038702,66.06712930179862,0.88256,0.65221,0.80248,0.86727,0.71023,0.86913,0.80812,0.83379,82.9404,42.0,200.0,200.0,200,4157.8857421875,0.4207580089569092
